/index.html /home
/churches.html /churches
/construction.html /construction 
/conventional.html /conventional
/hard-money.html /hard-money
/luxury.html /luxury
/medical.html /medical